0,mmll0,2020/10/0
1,mmll1,2020/10/1
2,mmll2,2020/10/2
3,mmll3,2020/10/3
4,mmll4,2020/10/4
5,mmll5,2020/10/5,
6,mmll6,2020/10/6
7,mmll7,2020/10/7
8,mmll8,2020/10/8
9,mmll9,2020/10/9
10,mmll10,2020/10/10
11,mmll11,2020/10/11
12,mmll12,2020/10/12
13,mmll13,2020/10/13
14,mmll14,2020/10/14
15,mmll15,2020/10/15
16,mmll16,2020/10/16
17,mmll17,2020/10/17
18,mmll18,2020/10/18
19,mmll19,2020/10/19
0,mmll0,2020/10/0
1,mmll1,2020/10/1
2,mmll2,2020/10/2
3,mmll3,2020/10/3
4,mmll4,2020/10/4
5,mmll5,2020/10/5,
6,mmll6,2020/10/6
7,mmll7,2020/10/7
8,mmll8,2020/10/8
9,mmll9,2020/10/9
10,mmll10,2020/10/10
11,mmll11,2020/10/11
12,mmll12,2020/10/12
13,mmll13,2020/10/13
14,mmll14,2020/10/14
15,mmll15,2020/10/15
16,mmll16,2020/10/16
17,mmll17,2020/10/17
18,mmll18,2020/10/18
19,mmll19,2020/10/19
0,mmll0,2020/10/0
1,mmll1,2020/10/1
2,mmll2,2020/10/2
3,mmll3,2020/10/3
4,mmll4,2020/10/4
5,mmll5,2020/10/5,
6,mmll6,2020/10/6
7,mmll7,2020/10/7
8,mmll8,2020/10/8
9,mmll9,2020/10/9
10,mmll10,2020/10/10
11,mmll11,2020/10/11
12,mmll12,2020/10/12
13,mmll13,2020/10/13
14,mmll14,2020/10/14
15,mmll15,2020/10/15
16,mmll16,2020/10/16
17,mmll17,2020/10/17
18,mmll18,2020/10/18
19,mmll19,2020/10/19
0,mmll0,2020/10/0
1,mmll1,2020/10/1
2,mmll2,2020/10/2
3,mmll3,2020/10/3
4,mmll4,2020/10/4
5,mmll5,2020/10/5,
6,mmll6,2020/10/6
7,mmll7,2020/10/7
8,mmll8,2020/10/8
9,mmll9,2020/10/9
10,mmll10,2020/10/10
11,mmll11,2020/10/11
12,mmll12,2020/10/12
13,mmll13,2020/10/13
14,mmll14,2020/10/14
15,mmll15,2020/10/15
16,mmll16,2020/10/16
17,mmll17,2020/10/17
18,mmll18,2020/10/18
19,mmll19,2020/10/19
0,mmll0,2020/10/0
1,mmll1,2020/10/1
2,mmll2,2020/10/2
3,mmll3,2020/10/3
4,mmll4,2020/10/4
5,mmll5,2020/10/5,
6,mmll6,2020/10/6
7,mmll7,2020/10/7
8,mmll8,2020/10/8
9,mmll9,2020/10/9
10,mmll10,2020/10/10
11,mmll11,2020/10/11
12,mmll12,2020/10/12
13,mmll13,2020/10/13
14,mmll14,2020/10/14
15,mmll15,2020/10/15
16,mmll16,2020/10/16
17,mmll17,2020/10/17
18,mmll18,2020/10/18
19,mmll19,2020/10/19
0,mmll0,2020/10/0
1,mmll1,2020/10/1
2,mmll2,2020/10/2
3,mmll3,2020/10/3
4,mmll4,2020/10/4
5,mmll5,2020/10/5,
6,mmll6,2020/10/6
7,mmll7,2020/10/7
8,mmll8,2020/10/8
9,mmll9,2020/10/9
10,mmll10,2020/10/10
11,mmll11,2020/10/11
12,mmll12,2020/10/12
13,mmll13,2020/10/13
14,mmll14,2020/10/14
15,mmll15,2020/10/15
16,mmll16,2020/10/16
17,mmll17,2020/10/17
18,mmll18,2020/10/18
19,mmll19,2020/10/19
0,mmll0,2020/10/0
1,mmll1,2020/10/1
2,mmll2,2020/10/2
3,mmll3,2020/10/3
4,mmll4,2020/10/4
5,mmll5,2020/10/5,
6,mmll6,2020/10/6
7,mmll7,2020/10/7
8,mmll8,2020/10/8
9,mmll9,2020/10/9
10,mmll10,2020/10/10
11,mmll11,2020/10/11
12,mmll12,2020/10/12
13,mmll13,2020/10/13
14,mmll14,2020/10/14
15,mmll15,2020/10/15
16,mmll16,2020/10/16
17,mmll17,2020/10/17
18,mmll18,2020/10/18
19,mmll19,2020/10/19
0,mmll0,2020/10/0
1,mmll1,2020/10/1
2,mmll2,2020/10/2
3,mmll3,2020/10/3
4,mmll4,2020/10/4
5,mmll5,2020/10/5,
6,mmll6,2020/10/6
7,mmll7,2020/10/7
8,mmll8,2020/10/8
9,mmll9,2020/10/9
10,mmll10,2020/10/10
11,mmll11,2020/10/11
12,mmll12,2020/10/12
13,mmll13,2020/10/13
14,mmll14,2020/10/14
15,mmll15,2020/10/15
16,mmll16,2020/10/16
17,mmll17,2020/10/17
18,mmll18,2020/10/18
19,mmll19,2020/10/19
0,mmll0,2020/10/0
1,mmll1,2020/10/1
2,mmll2,2020/10/2
3,mmll3,2020/10/3
4,mmll4,2020/10/4
5,mmll5,2020/10/5,
6,mmll6,2020/10/6
7,mmll7,2020/10/7
8,mmll8,2020/10/8
9,mmll9,2020/10/9
10,mmll10,2020/10/10
11,mmll11,2020/10/11
12,mmll12,2020/10/12
13,mmll13,2020/10/13
14,mmll14,2020/10/14
15,mmll15,2020/10/15
16,mmll16,2020/10/16
17,mmll17,2020/10/17
18,mmll18,2020/10/18
19,mmll19,2020/10/19
0,mmll0,2020/10/0
1,mmll1,2020/10/1
2,mmll2,2020/10/2
3,mmll3,2020/10/3
4,mmll4,2020/10/4
5,mmll5,2020/10/5,
6,mmll6,2020/10/6
7,mmll7,2020/10/7
8,mmll8,2020/10/8
9,mmll9,2020/10/9
10,mmll10,2020/10/10
11,mmll11,2020/10/11
12,mmll12,2020/10/12
13,mmll13,2020/10/13
14,mmll14,2020/10/14
15,mmll15,2020/10/15
16,mmll16,2020/10/16
17,mmll17,2020/10/17
18,mmll18,2020/10/18
19,mmll19,2020/10/19
0,mmll0,2020/10/0
1,mmll1,2020/10/1
2,mmll2,2020/10/2
3,mmll3,2020/10/3
4,mmll4,2020/10/4
5,mmll5,2020/10/5,
6,mmll6,2020/10/6
7,mmll7,2020/10/7
8,mmll8,2020/10/8
9,mmll9,2020/10/9
10,mmll10,2020/10/10
11,mmll11,2020/10/11
12,mmll12,2020/10/12
13,mmll13,2020/10/13
14,mmll14,2020/10/14
15,mmll15,2020/10/15
16,mmll16,2020/10/16
17,mmll17,2020/10/17
18,mmll18,2020/10/18
19,mmll19,2020/10/19
0,mmll0,2020/10/0
1,mmll1,2020/10/1
2,mmll2,2020/10/2
3,mmll3,2020/10/3
4,mmll4,2020/10/4
5,mmll5,2020/10/5,
6,mmll6,2020/10/6
7,mmll7,2020/10/7
8,mmll8,2020/10/8
9,mmll9,2020/10/9
10,mmll10,2020/10/10
11,mmll11,2020/10/11
12,mmll12,2020/10/12
13,mmll13,2020/10/13
14,mmll14,2020/10/14
15,mmll15,2020/10/15
16,mmll16,2020/10/16
17,mmll17,2020/10/17
18,mmll18,2020/10/18
19,mmll19,2020/10/19
0,mmll0,2020/10/0
1,mmll1,2020/10/1
2,mmll2,2020/10/2
3,mmll3,2020/10/3
4,mmll4,2020/10/4
5,mmll5,2020/10/5,
6,mmll6,2020/10/6
7,mmll7,2020/10/7
8,mmll8,2020/10/8
9,mmll9,2020/10/9
10,mmll10,2020/10/10
11,mmll11,2020/10/11
12,mmll12,2020/10/12
13,mmll13,2020/10/13
14,mmll14,2020/10/14
15,mmll15,2020/10/15
16,mmll16,2020/10/16
17,mmll17,2020/10/17
18,mmll18,2020/10/18
19,mmll19,2020/10/19
0,mmll0,2020/10/0
1,mmll1,2020/10/1
2,mmll2,2020/10/2
3,mmll3,2020/10/3
4,mmll4,2020/10/4
5,mmll5,2020/10/5,
6,mmll6,2020/10/6
7,mmll7,2020/10/7
8,mmll8,2020/10/8
9,mmll9,2020/10/9
10,mmll10,2020/10/10
11,mmll11,2020/10/11
12,mmll12,2020/10/12
13,mmll13,2020/10/13
14,mmll14,2020/10/14
15,mmll15,2020/10/15
16,mmll16,2020/10/16
17,mmll17,2020/10/17
18,mmll18,2020/10/18
19,mmll19,2020/10/19
0,mmll0,2020/10/0
1,mmll1,2020/10/1
2,mmll2,2020/10/2
3,mmll3,2020/10/3
4,mmll4,2020/10/4
5,mmll5,2020/10/5,
6,mmll6,2020/10/6
7,mmll7,2020/10/7
8,mmll8,2020/10/8
9,mmll9,2020/10/9
10,mmll10,2020/10/10
11,mmll11,2020/10/11
12,mmll12,2020/10/12
13,mmll13,2020/10/13
14,mmll14,2020/10/14
15,mmll15,2020/10/15
16,mmll16,2020/10/16
17,mmll17,2020/10/17
18,mmll18,2020/10/18
19,mmll19,2020/10/19
0,mmll0,2020/10/0
1,mmll1,2020/10/1
2,mmll2,2020/10/2
3,mmll3,2020/10/3
4,mmll4,2020/10/4
5,mmll5,2020/10/5,
6,mmll6,2020/10/6
7,mmll7,2020/10/7
8,mmll8,2020/10/8
9,mmll9,2020/10/9
10,mmll10,2020/10/10
11,mmll11,2020/10/11
12,mmll12,2020/10/12
13,mmll13,2020/10/13
14,mmll14,2020/10/14
15,mmll15,2020/10/15
16,mmll16,2020/10/16
17,mmll17,2020/10/17
18,mmll18,2020/10/18
19,mmll19,2020/10/19
0,mmll0,2020/10/0
1,mmll1,2020/10/1
2,mmll2,2020/10/2
3,mmll3,2020/10/3
4,mmll4,2020/10/4
5,mmll5,2020/10/5,
6,mmll6,2020/10/6
7,mmll7,2020/10/7
8,mmll8,2020/10/8
9,mmll9,2020/10/9
10,mmll10,2020/10/10
11,mmll11,2020/10/11
12,mmll12,2020/10/12
13,mmll13,2020/10/13
14,mmll14,2020/10/14
15,mmll15,2020/10/15
16,mmll16,2020/10/16
17,mmll17,2020/10/17
18,mmll18,2020/10/18
19,mmll19,2020/10/19
0,mmll0,2020/10/0
1,mmll1,2020/10/1
2,mmll2,2020/10/2
3,mmll3,2020/10/3
4,mmll4,2020/10/4
5,mmll5,2020/10/5,
6,mmll6,2020/10/6
7,mmll7,2020/10/7
8,mmll8,2020/10/8
9,mmll9,2020/10/9
10,mmll10,2020/10/10
11,mmll11,2020/10/11
12,mmll12,2020/10/12
13,mmll13,2020/10/13
14,mmll14,2020/10/14
15,mmll15,2020/10/15
16,mmll16,2020/10/16
17,mmll17,2020/10/17
18,mmll18,2020/10/18
19,mmll19,2020/10/19
0,mmll0,2020/10/0
1,mmll1,2020/10/1
2,mmll2,2020/10/2
3,mmll3,2020/10/3
4,mmll4,2020/10/4
5,mmll5,2020/10/5,
6,mmll6,2020/10/6
7,mmll7,2020/10/7
8,mmll8,2020/10/8
9,mmll9,2020/10/9
10,mmll10,2020/10/10
11,mmll11,2020/10/11
12,mmll12,2020/10/12
13,mmll13,2020/10/13
14,mmll14,2020/10/14
15,mmll15,2020/10/15
16,mmll16,2020/10/16
17,mmll17,2020/10/17
18,mmll18,2020/10/18
19,mmll19,2020/10/19
0,mmll0,2020/10/0
1,mmll1,2020/10/1
2,mmll2,2020/10/2
3,mmll3,2020/10/3
4,mmll4,2020/10/4
5,mmll5,2020/10/5,
6,mmll6,2020/10/6
7,mmll7,2020/10/7
8,mmll8,2020/10/8
9,mmll9,2020/10/9
10,mmll10,2020/10/10
11,mmll11,2020/10/11
12,mmll12,2020/10/12
13,mmll13,2020/10/13
14,mmll14,2020/10/14
15,mmll15,2020/10/15
16,mmll16,2020/10/16
17,mmll17,2020/10/17
18,mmll18,2020/10/18
19,mmll19,2020/10/19
0,mmll0,2020/10/0
1,mmll1,2020/10/1
2,mmll2,2020/10/2
3,mmll3,2020/10/3
4,mmll4,2020/10/4
5,mmll5,2020/10/5,
6,mmll6,2020/10/6
7,mmll7,2020/10/7
8,mmll8,2020/10/8
9,mmll9,2020/10/9
10,mmll10,2020/10/10
11,mmll11,2020/10/11
12,mmll12,2020/10/12
13,mmll13,2020/10/13
14,mmll14,2020/10/14
15,mmll15,2020/10/15
16,mmll16,2020/10/16
17,mmll17,2020/10/17
18,mmll18,2020/10/18
19,mmll19,2020/10/19
0,mmll0,2020/10/0
1,mmll1,2020/10/1
2,mmll2,2020/10/2
3,mmll3,2020/10/3
4,mmll4,2020/10/4
5,mmll5,2020/10/5,
6,mmll6,2020/10/6
7,mmll7,2020/10/7
8,mmll8,2020/10/8
9,mmll9,2020/10/9
10,mmll10,2020/10/10
11,mmll11,2020/10/11
12,mmll12,2020/10/12
13,mmll13,2020/10/13
14,mmll14,2020/10/14
15,mmll15,2020/10/15
16,mmll16,2020/10/16
17,mmll17,2020/10/17
18,mmll18,2020/10/18
19,mmll19,2020/10/19
0,mmll0,2020/10/0
1,mmll1,2020/10/1
2,mmll2,2020/10/2
3,mmll3,2020/10/3
4,mmll4,2020/10/4
5,mmll5,2020/10/5,
6,mmll6,2020/10/6
7,mmll7,2020/10/7
8,mmll8,2020/10/8
9,mmll9,2020/10/9
10,mmll10,2020/10/10
11,mmll11,2020/10/11
12,mmll12,2020/10/12
13,mmll13,2020/10/13
14,mmll14,2020/10/14
15,mmll15,2020/10/15
16,mmll16,2020/10/16
17,mmll17,2020/10/17
18,mmll18,2020/10/18
19,mmll19,2020/10/19
0,mmll0,2020/10/0
1,mmll1,2020/10/1
2,mmll2,2020/10/2
3,mmll3,2020/10/3
4,mmll4,2020/10/4
5,mmll5,2020/10/5,
6,mmll6,2020/10/6
7,mmll7,2020/10/7
8,mmll8,2020/10/8
9,mmll9,2020/10/9
10,mmll10,2020/10/10
11,mmll11,2020/10/11
12,mmll12,2020/10/12
13,mmll13,2020/10/13
14,mmll14,2020/10/14
15,mmll15,2020/10/15
16,mmll16,2020/10/16
17,mmll17,2020/10/17
18,mmll18,2020/10/18
19,mmll19,2020/10/19
0,mmll0,2020/10/0
1,mmll1,2020/10/1
2,mmll2,2020/10/2
3,mmll3,2020/10/3
4,mmll4,2020/10/4
5,mmll5,2020/10/5,
6,mmll6,2020/10/6
7,mmll7,2020/10/7
8,mmll8,2020/10/8
9,mmll9,2020/10/9
10,mmll10,2020/10/10
11,mmll11,2020/10/11
12,mmll12,2020/10/12
13,mmll13,2020/10/13
14,mmll14,2020/10/14
15,mmll15,2020/10/15
16,mmll16,2020/10/16
17,mmll17,2020/10/17
18,mmll18,2020/10/18
19,mmll19,2020/10/19
0,mmll0,2020/10/0
1,mmll1,2020/10/1
2,mmll2,2020/10/2
3,mmll3,2020/10/3
4,mmll4,2020/10/4
5,mmll5,2020/10/5,
6,mmll6,2020/10/6
7,mmll7,2020/10/7
8,mmll8,2020/10/8
9,mmll9,2020/10/9
10,mmll10,2020/10/10
11,mmll11,2020/10/11
12,mmll12,2020/10/12
13,mmll13,2020/10/13
14,mmll14,2020/10/14
15,mmll15,2020/10/15
16,mmll16,2020/10/16
17,mmll17,2020/10/17
18,mmll18,2020/10/18
19,mmll19,2020/10/19
0,mmll0,2020/10/0
1,mmll1,2020/10/1
2,mmll2,2020/10/2
3,mmll3,2020/10/3
4,mmll4,2020/10/4
5,mmll5,2020/10/5,
6,mmll6,2020/10/6
7,mmll7,2020/10/7
8,mmll8,2020/10/8
9,mmll9,2020/10/9
10,mmll10,2020/10/10
11,mmll11,2020/10/11
12,mmll12,2020/10/12
13,mmll13,2020/10/13
14,mmll14,2020/10/14
15,mmll15,2020/10/15
16,mmll16,2020/10/16
17,mmll17,2020/10/17
18,mmll18,2020/10/18
19,mmll19,2020/10/19
0,mmll0,2020/10/0
1,mmll1,2020/10/1
2,mmll2,2020/10/2
3,mmll3,2020/10/3
4,mmll4,2020/10/4
5,mmll5,2020/10/5,
6,mmll6,2020/10/6
7,mmll7,2020/10/7
8,mmll8,2020/10/8
9,mmll9,2020/10/9
10,mmll10,2020/10/10
11,mmll11,2020/10/11
12,mmll12,2020/10/12
13,mmll13,2020/10/13
14,mmll14,2020/10/14
15,mmll15,2020/10/15
16,mmll16,2020/10/16
17,mmll17,2020/10/17
18,mmll18,2020/10/18
19,mmll19,2020/10/19
0,mmll0,2020/10/0
1,mmll1,2020/10/1
2,mmll2,2020/10/2
3,mmll3,2020/10/3
4,mmll4,2020/10/4
5,mmll5,2020/10/5,
6,mmll6,2020/10/6
7,mmll7,2020/10/7
8,mmll8,2020/10/8
9,mmll9,2020/10/9
10,mmll10,2020/10/10
11,mmll11,2020/10/11
12,mmll12,2020/10/12
13,mmll13,2020/10/13
14,mmll14,2020/10/14
15,mmll15,2020/10/15
16,mmll16,2020/10/16
17,mmll17,2020/10/17
18,mmll18,2020/10/18
19,mmll19,2020/10/19
0,mmll0,2020/10/0
1,mmll1,2020/10/1
2,mmll2,2020/10/2
3,mmll3,2020/10/3
4,mmll4,2020/10/4
5,mmll5,2020/10/5,
6,mmll6,2020/10/6
7,mmll7,2020/10/7
8,mmll8,2020/10/8
9,mmll9,2020/10/9
10,mmll10,2020/10/10
11,mmll11,2020/10/11
12,mmll12,2020/10/12
13,mmll13,2020/10/13
14,mmll14,2020/10/14
15,mmll15,2020/10/15
16,mmll16,2020/10/16
17,mmll17,2020/10/17
18,mmll18,2020/10/18
19,mmll19,2020/10/19
0,mmll0,2020/10/0
1,mmll1,2020/10/1
2,mmll2,2020/10/2
3,mmll3,2020/10/3
4,mmll4,2020/10/4
5,mmll5,2020/10/5,
6,mmll6,2020/10/6
7,mmll7,2020/10/7
8,mmll8,2020/10/8
9,mmll9,2020/10/9
10,mmll10,2020/10/10
11,mmll11,2020/10/11
12,mmll12,2020/10/12
13,mmll13,2020/10/13
14,mmll14,2020/10/14
15,mmll15,2020/10/15
16,mmll16,2020/10/16
17,mmll17,2020/10/17
18,mmll18,2020/10/18
19,mmll19,2020/10/19
0,mmll0,2020/10/0
1,mmll1,2020/10/1
2,mmll2,2020/10/2
3,mmll3,2020/10/3
4,mmll4,2020/10/4
5,mmll5,2020/10/5,
6,mmll6,2020/10/6
7,mmll7,2020/10/7
8,mmll8,2020/10/8
9,mmll9,2020/10/9
10,mmll10,2020/10/10
11,mmll11,2020/10/11
12,mmll12,2020/10/12
13,mmll13,2020/10/13
14,mmll14,2020/10/14
15,mmll15,2020/10/15
16,mmll16,2020/10/16
17,mmll17,2020/10/17
18,mmll18,2020/10/18
19,mmll19,2020/10/19
0,mmll0,2020/10/0
1,mmll1,2020/10/1
2,mmll2,2020/10/2
3,mmll3,2020/10/3
4,mmll4,2020/10/4
5,mmll5,2020/10/5,
6,mmll6,2020/10/6
7,mmll7,2020/10/7
8,mmll8,2020/10/8
9,mmll9,2020/10/9
10,mmll10,2020/10/10
11,mmll11,2020/10/11
12,mmll12,2020/10/12
13,mmll13,2020/10/13
14,mmll14,2020/10/14
15,mmll15,2020/10/15
16,mmll16,2020/10/16
17,mmll17,2020/10/17
18,mmll18,2020/10/18
19,mmll19,2020/10/19
0,mmll0,2020/10/0
1,mmll1,2020/10/1
2,mmll2,2020/10/2
3,mmll3,2020/10/3
4,mmll4,2020/10/4
5,mmll5,2020/10/5,
6,mmll6,2020/10/6
7,mmll7,2020/10/7
8,mmll8,2020/10/8
9,mmll9,2020/10/9
10,mmll10,2020/10/10
11,mmll11,2020/10/11
12,mmll12,2020/10/12
13,mmll13,2020/10/13
14,mmll14,2020/10/14
15,mmll15,2020/10/15
16,mmll16,2020/10/16
17,mmll17,2020/10/17
18,mmll18,2020/10/18
19,mmll19,2020/10/19
0,mmll0,2020/10/0
1,mmll1,2020/10/1
2,mmll2,2020/10/2
3,mmll3,2020/10/3
4,mmll4,2020/10/4
5,mmll5,2020/10/5,
6,mmll6,2020/10/6
7,mmll7,2020/10/7
8,mmll8,2020/10/8
9,mmll9,2020/10/9
10,mmll10,2020/10/10
11,mmll11,2020/10/11
12,mmll12,2020/10/12
13,mmll13,2020/10/13
14,mmll14,2020/10/14
15,mmll15,2020/10/15
16,mmll16,2020/10/16
17,mmll17,2020/10/17
18,mmll18,2020/10/18
19,mmll19,2020/10/19
0,mmll0,2020/10/0
1,mmll1,2020/10/1
2,mmll2,2020/10/2
3,mmll3,2020/10/3
4,mmll4,2020/10/4
5,mmll5,2020/10/5,
6,mmll6,2020/10/6
7,mmll7,2020/10/7
8,mmll8,2020/10/8
9,mmll9,2020/10/9
10,mmll10,2020/10/10
11,mmll11,2020/10/11
12,mmll12,2020/10/12
13,mmll13,2020/10/13
14,mmll14,2020/10/14
15,mmll15,2020/10/15
16,mmll16,2020/10/16
17,mmll17,2020/10/17
18,mmll18,2020/10/18
19,mmll19,2020/10/19
0,mmll0,2020/10/0
1,mmll1,2020/10/1
2,mmll2,2020/10/2
3,mmll3,2020/10/3
4,mmll4,2020/10/4
5,mmll5,2020/10/5,
6,mmll6,2020/10/6
7,mmll7,2020/10/7
8,mmll8,2020/10/8
9,mmll9,2020/10/9
10,mmll10,2020/10/10
11,mmll11,2020/10/11
12,mmll12,2020/10/12
13,mmll13,2020/10/13
14,mmll14,2020/10/14
15,mmll15,2020/10/15
16,mmll16,2020/10/16
17,mmll17,2020/10/17
18,mmll18,2020/10/18
19,mmll19,2020/10/19
0,mmll0,2020/10/0
1,mmll1,2020/10/1
2,mmll2,2020/10/2
3,mmll3,2020/10/3
4,mmll4,2020/10/4
5,mmll5,2020/10/5,
6,mmll6,2020/10/6
7,mmll7,2020/10/7
8,mmll8,2020/10/8
9,mmll9,2020/10/9
10,mmll10,2020/10/10
11,mmll11,2020/10/11
12,mmll12,2020/10/12
13,mmll13,2020/10/13
14,mmll14,2020/10/14
15,mmll15,2020/10/15
16,mmll16,2020/10/16
17,mmll17,2020/10/17
18,mmll18,2020/10/18
19,mmll19,2020/10/19
0,mmll0,2020/10/0
1,mmll1,2020/10/1
2,mmll2,2020/10/2
3,mmll3,2020/10/3
4,mmll4,2020/10/4
5,mmll5,2020/10/5,
6,mmll6,2020/10/6
7,mmll7,2020/10/7
8,mmll8,2020/10/8
9,mmll9,2020/10/9
10,mmll10,2020/10/10
11,mmll11,2020/10/11
12,mmll12,2020/10/12
13,mmll13,2020/10/13
14,mmll14,2020/10/14
15,mmll15,2020/10/15
16,mmll16,2020/10/16
17,mmll17,2020/10/17
18,mmll18,2020/10/18
19,mmll19,2020/10/19
0,mmll0,2020/10/0
1,mmll1,2020/10/1
2,mmll2,2020/10/2
3,mmll3,2020/10/3
4,mmll4,2020/10/4
5,mmll5,2020/10/5,
6,mmll6,2020/10/6
7,mmll7,2020/10/7
8,mmll8,2020/10/8
9,mmll9,2020/10/9
10,mmll10,2020/10/10
11,mmll11,2020/10/11
12,mmll12,2020/10/12
13,mmll13,2020/10/13
14,mmll14,2020/10/14
15,mmll15,2020/10/15
16,mmll16,2020/10/16
17,mmll17,2020/10/17
18,mmll18,2020/10/18
19,mmll19,2020/10/19
0,mmll0,2020/10/0
1,mmll1,2020/10/1
2,mmll2,2020/10/2
3,mmll3,2020/10/3
4,mmll4,2020/10/4
5,mmll5,2020/10/5,
6,mmll6,2020/10/6
7,mmll7,2020/10/7
8,mmll8,2020/10/8
9,mmll9,2020/10/9
10,mmll10,2020/10/10
11,mmll11,2020/10/11
12,mmll12,2020/10/12
13,mmll13,2020/10/13
14,mmll14,2020/10/14
15,mmll15,2020/10/15
16,mmll16,2020/10/16
17,mmll17,2020/10/17
18,mmll18,2020/10/18
19,mmll19,2020/10/19
0,mmll0,2020/10/0
1,mmll1,2020/10/1
2,mmll2,2020/10/2
3,mmll3,2020/10/3
4,mmll4,2020/10/4
5,mmll5,2020/10/5,
6,mmll6,2020/10/6
7,mmll7,2020/10/7
8,mmll8,2020/10/8
9,mmll9,2020/10/9
10,mmll10,2020/10/10
11,mmll11,2020/10/11
12,mmll12,2020/10/12
13,mmll13,2020/10/13
14,mmll14,2020/10/14
15,mmll15,2020/10/15
16,mmll16,2020/10/16
17,mmll17,2020/10/17
18,mmll18,2020/10/18
19,mmll19,2020/10/19
0,mmll0,2020/10/0
1,mmll1,2020/10/1
2,mmll2,2020/10/2
3,mmll3,2020/10/3
4,mmll4,2020/10/4
5,mmll5,2020/10/5,
6,mmll6,2020/10/6
7,mmll7,2020/10/7
8,mmll8,2020/10/8
9,mmll9,2020/10/9
10,mmll10,2020/10/10
11,mmll11,2020/10/11
12,mmll12,2020/10/12
13,mmll13,2020/10/13
14,mmll14,2020/10/14
15,mmll15,2020/10/15
16,mmll16,2020/10/16
17,mmll17,2020/10/17
18,mmll18,2020/10/18
19,mmll19,2020/10/19
0,mmll0,2020/10/0
1,mmll1,2020/10/1
2,mmll2,2020/10/2
3,mmll3,2020/10/3
4,mmll4,2020/10/4
5,mmll5,2020/10/5,
6,mmll6,2020/10/6
7,mmll7,2020/10/7
8,mmll8,2020/10/8
9,mmll9,2020/10/9
10,mmll10,2020/10/10
11,mmll11,2020/10/11
12,mmll12,2020/10/12
13,mmll13,2020/10/13
14,mmll14,2020/10/14
15,mmll15,2020/10/15
16,mmll16,2020/10/16
17,mmll17,2020/10/17
18,mmll18,2020/10/18
19,mmll19,2020/10/19
0,mmll0,2020/10/0
1,mmll1,2020/10/1
2,mmll2,2020/10/2
3,mmll3,2020/10/3
4,mmll4,2020/10/4
5,mmll5,2020/10/5,
6,mmll6,2020/10/6
7,mmll7,2020/10/7
8,mmll8,2020/10/8
9,mmll9,2020/10/9
10,mmll10,2020/10/10
11,mmll11,2020/10/11
12,mmll12,2020/10/12
13,mmll13,2020/10/13
14,mmll14,2020/10/14
15,mmll15,2020/10/15
16,mmll16,2020/10/16
17,mmll17,2020/10/17
18,mmll18,2020/10/18
19,mmll19,2020/10/19
0,mmll0,2020/10/0
1,mmll1,2020/10/1
2,mmll2,2020/10/2
3,mmll3,2020/10/3
4,mmll4,2020/10/4
5,mmll5,2020/10/5,
6,mmll6,2020/10/6
7,mmll7,2020/10/7
8,mmll8,2020/10/8
9,mmll9,2020/10/9
10,mmll10,2020/10/10
11,mmll11,2020/10/11
12,mmll12,2020/10/12
13,mmll13,2020/10/13
14,mmll14,2020/10/14
15,mmll15,2020/10/15
16,mmll16,2020/10/16
17,mmll17,2020/10/17
18,mmll18,2020/10/18
19,mmll19,2020/10/19
0,mmll0,2020/10/0
1,mmll1,2020/10/1
2,mmll2,2020/10/2
3,mmll3,2020/10/3
4,mmll4,2020/10/4
5,mmll5,2020/10/5,
6,mmll6,2020/10/6
7,mmll7,2020/10/7
8,mmll8,2020/10/8
9,mmll9,2020/10/9
10,mmll10,2020/10/10
11,mmll11,2020/10/11
12,mmll12,2020/10/12
13,mmll13,2020/10/13
14,mmll14,2020/10/14
15,mmll15,2020/10/15
16,mmll16,2020/10/16
17,mmll17,2020/10/17
18,mmll18,2020/10/18
19,mmll19,2020/10/19
0,mmll0,2020/10/0
1,mmll1,2020/10/1
2,mmll2,2020/10/2
3,mmll3,2020/10/3
4,mmll4,2020/10/4
5,mmll5,2020/10/5,
6,mmll6,2020/10/6
7,mmll7,2020/10/7
8,mmll8,2020/10/8
9,mmll9,2020/10/9
10,mmll10,2020/10/10
11,mmll11,2020/10/11
12,mmll12,2020/10/12
13,mmll13,2020/10/13
14,mmll14,2020/10/14
15,mmll15,2020/10/15
16,mmll16,2020/10/16
17,mmll17,2020/10/17
18,mmll18,2020/10/18
19,mmll19,2020/10/19
