<application>
  <component name="FileTypeManager" version="18">
    <extensionMap>
      <mapping pattern="CreateAuthenticationClient" type="AUTO_DETECTED" />
      <mapping pattern="gce" type="AUTO_DETECTED" />
      <mapping pattern="config_default" type="AUTO_DETECTED" />
      <mapping pattern="otel-Dockerfile" type="AUTO_DETECTED" />
      <mapping pattern="bundle" type="AUTO_DETECTED" />
      <mapping pattern=" Makefile" type="AUTO_DETECTED" />
      <mapping pattern="active_config" type="AUTO_DETECTED" />
      <mapping pattern="otel-Makefile" type="AUTO_DETECTED" />
      <mapping ext="firestore" type="PLAIN_TEXT" />
      <mapping ext="proto" type="PLAIN_TEXT" />
      <mapping ext="export_metadata" type="PLAIN_TEXT" />
      <mapping ext="protobuf" type="protobuf" />
      <removed_mapping ext="proto" approved="true" type="protobuf" />
    </extensionMap>
  </component>
</application>