<application>
  <component name="vgo">
    <environment>
      <map>
        <entry key="GOPROXY">
          <value>
            <list>
              <option value="https://mohamoud.aljadan:AKCp8mYUv8RXntCUKFvKCukPPXoUF3NWXJtaA1bxh94drBm8y6ggZyoe8f8CaZYrTN79qzmgj@resultadosdigitais.jfrog.io/artifactory/api/go/go" />
              <option value="https://mohamoud.aljadan:AKCp8k8iMBAVjy2efX2zR39pcpmDqeV6muuF6NqF5AJo5bHuFGzBzsz3BfA39wKNadpbe2uGP@resultadosdigitais.jfrog.io/artifactory/api/go/go" />
              <option value="https://${JFROG_USERNAME}:${JFROG_PASSWORD}@resultadosdigitais.jfrog.io/artifactory/api/go/go" />
            </list>
          </value>
        </entry>
        <entry key="GOSUMDB">
          <value>
            <list>
              <option value="github.com/ResultadosDigitais/*" />
            </list>
          </value>
        </entry>
      </map>
    </environment>
  </component>
</application>